Relevance,Url,Title,03/22/2015,03/23/2015,03/24/2015,03/25/2015,03/26/2015,03/28/2015,03/29/2015,03/31/2015,04-01-2015
5,http://onepieceofficial.com/,Watch One Piece Anime Episodes English Subbed ...,47,48,48,48,48,47,47,48,48
4,http://en.wikipedia.org/wiki/One_Piece,"One Piece - Wikipedia, the free encyclopedia",46,47,47,47,47,46,46,47,47
5,http://onepiece.wikia.com/,The One Piece Wiki - The Wiki About the Shonen Jump ...,45,45,46,46,46,45,45,46,46
5,http://www.crunchyroll.com/one-piece,Crunchyroll - One Piece Full episodes streaming online for ...,44,46,45,45,45,44,44,44,45
1,http://www.onepiece.com/,OnePiece® Jumpsuits - The Norwegian Original Onesie,43,40,42,40,43,43,40,40,43
5,http://mangafox.me/manga/one_piece/,One Piece - Manga Fox,42,41,42,41,43,43,42,43,43
5,http://www.viz.com/one-piece,One Piece - VIZ.com,41,43,41,42,44,39,40,41,44
5,http://www.watchop.eu/,Watch One Piece Episodes English Subbed & Dubbed ...,39,34,40,39,31,31,33,33,0
3,http://www.reddit.com/r/OnePiece/,One Piece - Reddit,38,38,38,37,40,42,41,39,39
2,http://www.imdb.com/title/tt0388629/,Wan pîsu: One Piece (TV Series 1999– ) - IMDb,37,37,39,38,39,38,39,40,38
2,http://www.animenewsnetwork.com/encyclopedia/anime.php?id=836,One Piece (TV) - Anime News Network,36,35,37,34,38,37,37,37,35
4,http://myanimelist.net/manga/13/One_Piece,One Piece - MyAnimeList.net,35,36,36,35,37,36,38,38,37
5,http://animeshow.tv/one-piece-episode-685/,One Piece Episode 685 - AnimeShow.tv,34,0,0,0,0,0,0,0,0
5,http://www.funimation.com/shows/one-piece,Watch One Piece Anime Episodes Streaming on FUNimation,33,39,35,33,34,34,36,36,36
1,http://www.onepiece-game.com/,One Piece Pirate Warriors 3,32,33,34,32,35,35,34,34,34
1,https://twitter.com/onepiece,OnePiece™ (@OnePiece) | Twitter,31,31,29,27,29,30,32,29,30
1,http://www.joygames.me/,One Piece Online - Best RPG Tower Defense Game,30,32,33,31,33,33,35,31,33
3,https://www.fanfiction.net/anime/One-Piece/,One Piece FanFiction Archive | FanFiction,29,28,31,30,25,28,26,29,30
3,https://www.facebook.com/onepiece,OnePiece | Facebook,28,29,27,24,27,22,25,23,26
1,http://onepiece-cruise.blogspot.com/p/evolutions.html,One Piece Treasure Cruise Guide: Evolutions,27,30,28,0,0,0,0,0,0
1,http://pirate.gamernizer.com/,One Piece Online Games | Pirate King International | Play Now,26,0,25,0,0,29,30,28,29
5,http://www.youtube.com/watch?v=9-nZg0KIsLY,One Piece [AMV] - OverKill - YouTube,25,27,26,28,0,28,26,0,32
1,http://store.americanapparel.net/one-pieces_cat33221,One-Pieces | American Apparel,24,0,32,26,30,27,31,25,28
1,https://www.victoriassecret.com/swimwear/one-pieces-tankinis,One-Pieces & Tankinis - Victoria's Secret,23,26,24,23,24,20,22,21,24
5,http://episode.opluffy.com/,One Piece Streaming,22,23,0,0,13,7,14,0,0
1,http://www.carters.com/carters-baby-boy-one-pieces,Baby Boy One-Piece Jumpsuits & Bodysuits | Carters.com,21,20,24,23,22,22,19,20,22
4,http://gum-gum-streaming.com/one-piece-vf/,One Piece en VF ~ Gum Gum Streaming,19,21,0,0,0,0,0,0,0
3,http://onepiecepodcast.com/,The One Piece Podcast,18,17,22,21,0,17,19,18,20
1,http://www.shopbop.com/clothes-swimwear-one-pieces/br/v=1/2534374302067618.htm?all,One piece swimsuits - Shopbop,17,18,17,17,0,21,23,19,22
1,http://www.everythingbutwater.com/swimwear/browse/category/one-piece.html,One Piece | Everything But Water,16,19,18,18,15,14,10,12,13
2,https://www.tumblr.com/tagged/one-piece,one piece on Tumblr,15,22,16,0,19,13,18,20,19
1,http://www.freepeople.com/swim-one-piece/,One-Piece Swimsuits & Swimwear for Women at Free People,14,16,0,19,16,9,15,13,16
1,http://www.ae.com/one-pieces-swim/aerie/s-cat/6890012,One Piece Bathing Suits | Aerie for American Eagle,13,14,19,20,18,16,16,16,17
1,https://play.google.com/store/apps/details?id=com.namcobandaigames.spmoja010E&hl=en,ONE PIECE TREASURE CRUISE - Google Play,12,12,13,15,9,6,11,11,8
1,http://www.amazon.com/One-Piece-Vol-Romance-Dawn/dp/1569319014,"One Piece, Vol. 1: Romance Dawn - Amazon.com",11,13,14,16,10,8,13,15,15
2,http://archiveofourown.org/tags/One%20Piece/works,One Piece - Works | Archive of Our Own,10,0,12,0,0,0,0,0,4
1,http://www.us.kohler.com/us/Toilets-One-piece-Toilets/category/972259/429204.htm,KOHLER | One-piece | Toilets | Bathroom,9,10,10,13,8,5,8,4,5
3,http://www.onepiece.com.au/,ONE PIECE,8,9,9,14,11,10,12,14,14
2,http://www.zerochan.net/ONE+PIECE,ONE PIECE - Zerochan Anime Image Board,7,5,6,10,2,0,0,5,0
1,http://www.forever21.com/Product/Category.aspx?br=f21&category=swimwear_one-piece,One Piece | WOMEN | Forever 21,6,0,7,0,7,1,1,1,10
2,http://www.onepiece-mx.net/,One Piece Mx | Site Référence du Manga One Piece de ...,5,11,0,0,0,11,2,7,0
1,http://shop.nordstrom.com/c/one-piece-swimsuits-monokinis,One-Piece Swimsuits & Monokinis | Nordstrom,4,6,0,11,5,2,3,3,7
1,http://www.adultswim.com/videos/one-piece/,Watch One Piece Episodes and Clips for Free from Adult Swim,3,3,0,0,14,15,17,10,12
4,http://www.pirateboard.net/,Pirateboard.net - Das One Piece Forum: Main Page,2,0,0,0,3,0,0,0,2
1,http://www.target.com/c/one-piece-swimsuits-women-s-clothing/-/N-5xtbu,"one-piece , swimsuits, women's clothing, clothing : Target",1,1,0,5,0,0,0,0,11
4,http://www.hulu.com/one-piece,Watch One Piece Online - Free at Hulu,0,44,44,44,41,41,0,45,41
1,http://www.siliconera.com/2015/03/22/one-piece-pirate-warriors-3-videos-show-shanks-sabo/,One Piece: Pirate Warriors 3 Videos Show More From ...,0,25,0,0,0,0,0,0,0
4,http://www.sidereel.com/One_Piece,Watch One Piece Episodes Online | TV Shows | SideReel,0,20,20,0,0,0,0,0,0
4,http://www.anime-planet.com/anime/one-piece,One Piece | Anime-Planet,0,15,15,12,4,0,0,0,0
2,http://www.onepiece-latino.com/,Comunidad de Fans One Piece,0,8,8,7,6,3,0,6,6
2,http://onepiecex.com.br/,One Piece Ex | O melhor de One Piece Online e Download,0,7,4,0,0,0,0,0,0
2,http://www.samehadaku.net/category/one-piece,One Piece | Samehadaku,0,4,3,4,0,0,6,8,3
2,http://pure-anime-streams.net/index.php?id=Anime&link=opdub,One Piece [Ger Dub] - Pure-Anime-Streams.net,0,2,0,0,0,0,0,0,0
1,http://grandline3point5.thecomicseries.com/,One Piece: Grand Line 3 Point 5 :: Page 677,0,0,21,0,0,18,4,9,0
1,http://www.jcpenney.com/women/swimsuits-cover-ups/one-pieces/cat.jump?id=cat100260336,one pieces - JCPenney,0,0,11,0,0,0,0,0,0
2,https://instagram.com/onepiece,OnePiece (@onepiece) • Instagram photos and videos,0,0,5,9,1,0,5,2,0
1,http://www.zappos.com/womens-one-piece-swimsuits-swimwear~1,One-piece Swimsuits and Bathing Suits for Women | Zappos ...,0,0,2,6,0,0,0,0,0
2,http://onepiece-treasurecruise.com/en/easter/,Easter Egg Hunt | ONE PIECE TREASURE CRUISE ...,0,0,1,0,0,0,0,0,0
2,http://onepiece-cruise.blogspot.com/,One Piece Treasure Cruise Guide,0,0,0,36,25,25,28,24,27
2,http://onepiecetower.tokyo/en/,Tokyo Onepiece Tower,0,0,0,30,32,24,27,17,18
4,http://www.youtube.com/watch?v=WusJqPxmNls,One Piece - Top 20 Strongest Attacks - YouTube,0,0,0,29,26,0,0,0,0
4,https://mangahelpers.com/forum/forumdisplay.php/47-One-Piece,One Piece - MangaHelpers,0,0,0,8,0,0,0,0,0
3,http://www.kdramastars.com/articles/76949/20150305/one-piece-ending-spoilers.htm,'One Piece' Ending LEAKED Online By Shueisha Artist ...,0,0,0,3,21,0,0,0,0
1,http://www.kohls.com/catalog/womens-one-piece-swimsuits-swimsuits-clothing.jsp?CN=4294720878+4294719146+4294719679+4294719810,"Womens One-Piece Swimsuits - Swimsuits, Clothing | Kohl's",0,0,0,2,0,0,0,0,1
2,http://giphy.com/search/one-piece,One Piece GIFs on Giphy,0,0,0,1,0,0,0,0,0
5,http://mangastream.com/,Manga Stream - Read free manga online!,0,0,0,0,42,36,0,0,42
2,http://knowyourmeme.com/memes/subcultures/one-piece,One Piece | Know Your Meme,0,0,0,0,23,4,7,0,0
1,http://www.boston.com/news/local/massachusetts/2015/03/25/running-times-deletes-boston-marathon-tweet-about-finishing-one-piece/1eVgyszbUivUDbuJksLSeP/story.html,Running Times Deletes Boston Marathon Tweet About ...,0,0,0,0,20,0,0,0,0
1,http://gematsu.com/2015/03/one-piece-pirate-warriors-3-gameplay-clip-and-screenshots-shanks,One Piece: Pirate Warriors 3 gameplay clip and screenshots ...,0,0,0,0,17,0,0,0,0
1,http://www.youtube.com/watch?v=d8pr5QsZ3EM,One Piece Pirate Warriors 3 Opening Movie (Intro ...,0,0,0,0,12,0,0,0,0
1,http://poster.joygames.me/register?tpl=first&pn=1&sp=99&ss=CBT&ts,OnePiece Online-Play Free ARPG Game - JoyGames,0,0,0,0,0,32,0,0,0
1,http://edition.cnn.com/videos/world/2015/03/27/pkg-robertson-germanwings-crash-plane-recovery-process.cnn,Crash recovery worker: Most bodies aren't 'in one piece ...,0,0,0,0,0,23,24,26,0
1,http://www.gamefaqs.com/iphone/123874-one-piece-treasure-cruise,One Piece Treasure Cruise for iOS (iPhone/iPad) - GameFAQs,0,0,0,0,0,12,9,0,0
1,http://op-tc-eng-version.blogspot.com/,One Piece Treasure Cruise English Version,0,0,0,0,0,0,21,0,0
1,http://gematsu.com/2015/03/one-piece-pirate-warriors-3-doflamingo-edition-announced-for-europe-slated-for-august,One Piece: Pirate Warriors 3 'Doflamingo Edition ... - Gematsu,0,0,0,0,0,0,0,35,21
1,http://blog.eu.playstation.com/2015/03/30/one-piece-pirate-warriors-3-coming-ps4-ps3-ps-vita-summer/,"One Piece Pirate Warriors 3 coming to PS4, PS3 and PS ...",0,0,0,0,0,0,0,32,0
2,https://www.youtube.com/user/onpieceofficial,One Piece Official™ © - YouTube,0,0,0,0,0,0,0,27,0
1,http://store.steampowered.com/app/331600/,ONE PIECE PIRATE WARRIORS 3 on Steam,0,0,0,0,0,0,0,0,23
2,https://instagram.com/onepiece/,OnePiece (@onepiece) • Instagram photos and videos,0,0,0,0,0,0,0,0,9
